<Root name="Tree Root">
  <BehaviorTree>
    <KeepRunningUntilFailure name="KeepRunningUntilFailure">
      <Sequence name="Sequence">
        <Sequence name="Sequence">
          <SetDestination name="SetDestination" waypoint="{wp}" waypoint_id="Door" />
          <Move name="Move" waypoint="{wp}" />
          <WaitPerson name="WaitPerson" />
          <RetryUntilSuccessful name="RetryUntilSuccessful" num_attempts="5">
            <AskName name="AskName" person="{person_name}" />
          </RetryUntilSuccessful>
        </Sequence>
        <Sequence name="Sequence">
          <SetDestination name="SetDestination" waypoint_id="Couch" waypoint="{wp}" />
          <Move name="Move" waypoint="{wp}" />
          <Greet name="Greet" person="{person_name}" />
          <RetryUntilSuccessful name="RetryUntilSuccessful" num_attempts="8">
            <AskDrink name="AskDrink" drink="{drink}" />
          </RetryUntilSuccessful>
        </Sequence>
        <Sequence name="Sequence">
          <SetDestination name="SetDestination" waypoint_id="Kitchen" waypoint="{wp}" />
          <Move name="Move" waypoint="{wp}" />
          <RetryUntilSuccessful name="RetryUntilSuccessful" num_attempts="3">
            <OrderDrink name="OrderDrink" drink="{drink}" />
          </RetryUntilSuccessful>
        </Sequence>
        <Sequence name="Sequence">
          <SetDestination name="SetDestination" waypoint_id="Gym" waypoint="{wp}" />
          <Move name="Move" waypoint="{wp}" />
          <SetDestination name="SetDestination" waypoint_id="Couch" waypoint="{wp}" />
          <Move name="Move" waypoint="{wp}" />
          <ServeDrink name="ServeDrink" person="{person_name}" drink="{drink}" />
        </Sequence>
      </Sequence>
    </KeepRunningUntilFailure>
  </BehaviorTree>
    <Code>
        <WaitPerson>
            import py_trees
            from tree_gardener import tree_tools
            from geometry_msgs.msg import PoseStamped
            from vision_msgs.msg import Detection3DArray
            
            class WaitPerson(py_trees.behaviour.Behaviour):
            
                def __init__(self, name, ports = None):
            
                    """ Constructor, executed when the class is instantiated """
            
                    # Configure the name of the behaviour
                    super().__init__(name)
                    self.logger.debug("%s.__init__()" % (self.__class__.__name__))
            
                    # Get the ports
                    self.ports = ports
            
                def setup(self, **kwargs: int) -&gt; None:
            
                    """ Executed when the setup function is called upon the tree """
            
                    # Get the node passed from the tree (needed for interaction with ROS)
                    try:
                        self.node = kwargs['node']
                    except KeyError as e:
                        error_message = "Couldn't find the tree node"
                        raise KeyError(error_message) from e
                        
                    # Setup the subscription to the vision msg
                    self.subscription = self.node.create_subscription(
                        Detection3DArray,
                        '/output_detection_3d',
                        self.listener_callback,
                        10)
                
                    self.last_detection_ = Detection3DArray()
            
                def listener_callback(self, msg) -&gt; None:
                    self.last_detection_ = msg
            
                def initialise(self) -&gt; None:
            
                    """ Executed when coming from an idle state """
            
                    # Debugging
                    self.logger.debug("%s.initialise()" % (self.__class__.__name__))
            
                def update(self) -&gt; py_trees.common.Status:
            
                    """ Executed when the action is ticked. Do not block! """
            
                    # Check the laser measures
                    if self.last_detection_ == None: 
                        return py_trees.common.Status.RUNNING
            
                    for detection in self.last_detection_.detections:
                        if detection.results[0].hypothesis.class_id == "person":
                            if detection.bbox.center.position.z &lt; 1.5:
                                return py_trees.common.Status.SUCCESS
                            self.logger.info("Client detected, depth %f" %
                            (detection.bbox.center.position.z))
            
                    return py_trees.common.Status.RUNNING
            
                def terminate(self, new_status: py_trees.common.Status) -&gt; None:
            
                    """ Called whenever the behaviour switches to a non-running state """
            
                    # Debugging
                    self.logger.debug("%s.terminate()[%s-&gt;%s]" % (self.__class__.__name__, self.status, new_status))
        </WaitPerson>
        <AskDrink>
            import py_trees
            from tree_gardener import tree_tools
            
            class AskDrink(py_trees.behaviour.Behaviour):
            
                def __init__(self, name, ports = None):
            
                    """ Constructor, executed when the class is instantiated """
            
                    # Configure the name of the behavioure
                    super().__init__(name)
                    self.logger.debug("%s.__init__()" % (self.__class__.__name__))
            
                    # Get the ports
                    self.ports = ports
            
                def setup(self, **kwargs: int) -&gt; None:
            
                    """ Executed when the setup function is called upon the tree """
            
                    # Get the node passed from the tree (needed for interaction with ROS)
                    try:
                        self.node = kwargs['node']
                    except KeyError as e:
                        error_message = "Couldn't find the tree node"
                        raise KeyError(error_message) from e
            
                def initialise(self) -&gt; None:
            
                    """ Executed when coming from an idle state """
            
                    # Debugging
                    self.logger.debug("%s.initialise()" % (self.__class__.__name__))
            
                def update(self) -&gt; py_trees.common.Status:
            
                    """ Executed when the action is ticked. Do not block! """
            
                    drink = input("What is your favourite drink? ")
                    
                    if len(drink) == 0:
                        return py_trees.common.Status.FAILURE 
                    
                    tree_tools.set_port_content(self.ports["drink"], drink)
            
                    return py_trees.common.Status.SUCCESS 
                
                def terminate(self, new_status: py_trees.common.Status) -&gt; None:
            
                    """ Called whenever the behaviour switches to a non-running state """
            
                    # Debugging
                    self.logger.debug("%s.terminate()[%s-&gt;%s]" % (self.__class__.__name__, self.status, new_status))
        </AskDrink>
        <Greet>
            import py_trees
            from tree_gardener import tree_tools
            
            class Greet(py_trees.behaviour.Behaviour):
            
                def __init__(self, name, ports = None):
            
                    """ Constructor, executed when the class is instantiated """
            
                    # Configure the name of the behavioure
                    super().__init__(name)
                    self.logger.debug("%s.__init__()" % (self.__class__.__name__))
            
                    # Get the ports
                    self.ports = ports
            
                def setup(self, **kwargs: int) -&gt; None:
            
                    """ Executed when the setup function is called upon the tree """
            
                    # Get the node passed from the tree (needed for interaction with ROS)
                    try:
                        self.node = kwargs['node']
                    except KeyError as e:
                        error_message = "Couldn't find the tree node"
                        raise KeyError(error_message) from e
            
                def initialise(self) -&gt; None:
            
                    """ Executed when coming from an idle state """
            
                    # Debugging
                    self.logger.debug("%s.initialise()" % (self.__class__.__name__))
            
                def update(self) -&gt; py_trees.common.Status:
            
                    """ Executed when the action is ticked. Do not block! """
                    
                    name = tree_tools.get_port_content(self.ports["person"])
            
                    self.logger.info("Everyone, this is %s. Sit here please." % (name))
            
                    return py_trees.common.Status.SUCCESS 
                
                def terminate(self, new_status: py_trees.common.Status) -&gt; None:
            
                    """ Called whenever the behaviour switches to a non-running state """
            
                    # Debugging
                    self.logger.debug("%s.terminate()[%s-&gt;%s]" % (self.__class__.__name__, self.status, new_status))
        </Greet>
        <AskName>
            import py_trees
            from tree_gardener import tree_tools
            
            class AskName(py_trees.behaviour.Behaviour):
            
                def __init__(self, name, ports = None):
            
                    """ Constructor, executed when the class is instantiated """
            
                    # Configure the name of the behavioure
                    super().__init__(name)
                    self.logger.debug("%s.__init__()" % (self.__class__.__name__))
            
                    # Get the ports
                    self.ports = ports
            
                def setup(self, **kwargs: int) -&gt; None:
            
                    """ Executed when the setup function is called upon the tree """
            
                    # Get the node passed from the tree (needed for interaction with ROS)
                    try:
                        self.node = kwargs['node']
                    except KeyError as e:
                        error_message = "Couldn't find the tree node"
                        raise KeyError(error_message) from e
            
                def initialise(self) -&gt; None:
            
                    """ Executed when coming from an idle state """
            
                    # Debugging
                    self.logger.debug("%s.initialise()" % (self.__class__.__name__))
            
                def update(self) -&gt; py_trees.common.Status:
            
                    """ Executed when the action is ticked. Do not block! """
            
                    name = input("What is your name? ")
                    
                    if len(name) == 0:
                        return py_trees.common.Status.FAILURE 
                    
                    tree_tools.set_port_content(self.ports["person"], name)
            
                    return py_trees.common.Status.SUCCESS 
                
                def terminate(self, new_status: py_trees.common.Status) -&gt; None:
            
                    """ Called whenever the behaviour switches to a non-running state """
            
                    # Debugging
                    self.logger.debug("%s.terminate()[%s-&gt;%s]" % (self.__class__.__name__, self.status, new_status))
        </AskName>
        <SetDestination>
            import py_trees
            from tree_gardener import tree_tools
            from geometry_msgs.msg import PoseStamped
            
            class SetDestination(py_trees.behaviour.Behaviour):
            
                def __init__(self, name, ports = None):
            
                    """ Constructor, executed when the class is instantiated """
            
                    # Configure the name of the behaviour
                    super().__init__(name)
                    self.logger.debug("%s.__init__()" % (self.__class__.__name__))
            
                    # Get the ports
                    self.ports = ports
            
                def setup(self, **kwargs: int) -&gt; None:
            
                    """ Executed when the setup function is called upon the tree """
            
                    # Get the node passed from the tree (needed for interaction with ROS)
                    try:
                        self.node = kwargs['node']
                    except KeyError as e:
                        error_message = "Couldn't find the tree node"
                        raise KeyError(error_message) from e
            
                def initialise(self) -&gt; None:
            
                    """ Executed when coming from an idle state """
            
                    # Debugging
                    self.logger.debug("%s.initialise()" % (self.__class__.__name__))
            
                def update(self) -&gt; py_trees.common.Status:
            
                    """ Executed when the action is ticked. Do not block! """
                    wp_id = tree_tools.get_port_content(self.ports["waypoint_id"])
                    
                    goal = PoseStamped()
                    goal.header.frame_id = "map"
                    
                    if wp_id == "Door":
                        print("Go to Door")
                        goal.pose.position.x = 5.8
                        goal.pose.position.y = -4.25
                        
                        goal.pose.orientation.x = 0.0
                        goal.pose.orientation.y = 0.0
                        goal.pose.orientation.z = 0.0
                        goal.pose.orientation.w = 0.0
                    elif wp_id == "Couch":
                        print("Go to Couch")
                        goal.pose.position.x = 1.2
                        goal.pose.position.y = -0.5
                        
                        goal.pose.orientation.x = 0.0
                        goal.pose.orientation.y = 0.0
                        goal.pose.orientation.z = 0.7
                        goal.pose.orientation.w = -0.7
                    elif wp_id == "Kitchen":
                        print("Go to Kitchen")
                        goal.pose.position.x = 7.75
                        goal.pose.position.y = -3.0
                        
                        goal.pose.orientation.x = 0.0
                        goal.pose.orientation.y = 0.0
                        goal.pose.orientation.z = 0.0
                        goal.pose.orientation.w = 0.0
                    elif wp_id == "Gym":
                        print("Passing through the gym")
                        goal.pose.position.x = 1.2
                        goal.pose.position.y = 2.0
                        
                        goal.pose.orientation.x = 0.0
                        goal.pose.orientation.y = 0.0
                        goal.pose.orientation.z = 0.0
                        goal.pose.orientation.w = 0.0
                    else:
                        goal.pose.position.x = 0.0
                        goal.pose.position.y = 0.0
                        
                        goal.pose.orientation.x = 0.0
                        goal.pose.orientation.y = 0.0
                        goal.pose.orientation.z = 0.0
                        goal.pose.orientation.w = 0.0    
                    
                        
                    tree_tools.set_port_content(self.ports["waypoint"], goal)
            
                    return py_trees.common.Status.SUCCESS
            
                def terminate(self, new_status: py_trees.common.Status) -&gt; None:
            
                    """ Called whenever the behaviour switches to a non-running state """
            
                    # Debugging
                    self.logger.debug("%s.terminate()[%s-&gt;%s]" % (self.__class__.__name__, self.status, new_status))
        </SetDestination>
        <ServeDrink>
            import py_trees
            from tree_gardener import tree_tools
            
            class ServeDrink(py_trees.behaviour.Behaviour):
            
                def __init__(self, name, ports = None):
            
                    """ Constructor, executed when the class is instantiated """
            
                    # Configure the name of the behavioure
                    super().__init__(name)
                    self.logger.debug("%s.__init__()" % (self.__class__.__name__))
            
                    # Get the ports
                    self.ports = ports
            
                def setup(self, **kwargs: int) -&gt; None:
            
                    """ Executed when the setup function is called upon the tree """
            
                    # Get the node passed from the tree (needed for interaction with ROS)
                    try:
                        self.node = kwargs['node']
                    except KeyError as e:
                        error_message = "Couldn't find the tree node"
                        raise KeyError(error_message) from e
            
                def initialise(self) -&gt; None:
            
                    """ Executed when coming from an idle state """
            
                    # Debugging
                    self.logger.debug("%s.initialise()" % (self.__class__.__name__))
            
                def update(self) -&gt; py_trees.common.Status:
            
                    """ Executed when the action is ticked. Do not block! """
                    
                    drink = tree_tools.get_port_content(self.ports["drink"])
                    name = tree_tools.get_port_content(self.ports["person"])
            
                    self.logger.info("%s! Here is your %s. Hope you enjoy your stay." % (name, drink))
            
                    response = input("(Press enter to recive the drink)")
            
                    return py_trees.common.Status.SUCCESS 
                
                def terminate(self, new_status: py_trees.common.Status) -&gt; None:
            
                    """ Called whenever the behaviour switches to a non-running state """
            
                    # Debugging
                    self.logger.debug("%s.terminate()[%s-&gt;%s]" % (self.__class__.__name__, self.status, new_status))
        </ServeDrink>
        <OrderDrink>
            import py_trees
            from tree_gardener import tree_tools
            
            class OrderDrink(py_trees.behaviour.Behaviour):
            
                def __init__(self, name, ports = None):
            
                    """ Constructor, executed when the class is instantiated """
            
                    # Configure the name of the behavioure
                    super().__init__(name)
                    self.logger.debug("%s.__init__()" % (self.__class__.__name__))
            
                    # Get the ports
                    self.ports = ports
            
                def setup(self, **kwargs: int) -&gt; None:
            
                    """ Executed when the setup function is called upon the tree """
            
                    # Get the node passed from the tree (needed for interaction with ROS)
                    try:
                        self.node = kwargs['node']
                    except KeyError as e:
                        error_message = "Couldn't find the tree node"
                        raise KeyError(error_message) from e
            
                def initialise(self) -&gt; None:
            
                    """ Executed when coming from an idle state """
            
                    # Debugging
                    self.logger.debug("%s.initialise()" % (self.__class__.__name__))
            
                def update(self) -&gt; py_trees.common.Status:
            
                    """ Executed when the action is ticked. Do not block! """
                    
                    drink = tree_tools.get_port_content(self.ports["drink"])
            
                    self.logger.info("I need a %s." % (drink))
            
                    response = input("Do you have the drink I requested? (Y/n): ")
                    
                    if response != "Y":
                        return py_trees.common.Status.FAILURE 
            
                    return py_trees.common.Status.SUCCESS 
                
                def terminate(self, new_status: py_trees.common.Status) -&gt; None:
            
                    """ Called whenever the behaviour switches to a non-running state """
            
                    # Debugging
                    self.logger.debug("%s.terminate()[%s-&gt;%s]" % (self.__class__.__name__, self.status, new_status))
        </OrderDrink>
        <Move>
            import py_trees
            import geometry_msgs
            import rclpy
            import time
            
            from tree_gardener import tree_tools
            from rclpy.action import ActionClient
            from rclpy.node import Node
            from nav2_msgs.action import NavigateToPose
            from geometry_msgs.msg import PoseStamped
            
            class MoveAction(Node):
                def __init__(self):
                    super().__init__('move_action_client')
                    self.finished = False
                    self.error = False
            			
                def send_goal(self, goal):
                    goal_msg = NavigateToPose.Goal()
                    goal_msg.pose.header.frame_id = "map"
                    goal_msg.pose = goal
                    
                    self.start = time.perf_counter()
                    
                    self._action_client = ActionClient(self, NavigateToPose, 'navigate_to_pose')
            
                    self._action_client.wait_for_server()
                    
                    self._send_goal_future = self._action_client.send_goal_async(goal_msg, feedback_callback=self.feedback_callback)
                    
                    self._send_goal_future.add_done_callback(self.goal_response_callback)
                
                def goal_response_callback(self, future):
                    self.finished = False
                    self.error = False
                    goal_handle = future.result()
                    if not goal_handle.accepted:
                        self.get_logger().info('Goal rejected :(')
                        self.error = True
                        return
                    
                    self.get_logger().info('Goal accepted :)')
                    
                    self._get_result_future = goal_handle.get_result_async()
                    self._get_result_future.add_done_callback(self.get_result_callback)
            
                def get_result_callback(self, future):
                    self.finished = True
                    
                def feedback_callback(self, feedback_msg):
                    feedback = feedback_msg.feedback.distance_remaining
                    print(feedback)
                    if feedback &lt; 0.3 and feedback != 0.0 and not self.finished and (time.perf_counter() - self.start) &gt; 2.0:
                       self.finished = True
                       self._action_client.destroy()
            
            class Move(py_trees.behaviour.Behaviour):
            
                def __init__(self, name, ports = None):
            
                    """ Constructor, executed when the class is instantiated"""
            
                    # Configure the name of the behaviour
                    super().__init__(name)
                    self.logger.debug("%s.__init__()" % (self.__class__.__name__))
            
                    # Get the ports
                    self.ports = ports
                    self.action = MoveAction()
            
                def setup(self, **kwargs) -&gt; None:
            
                    """ Executed when the setup function is called upon the tree """
            
                    # Get the node passed from the tree (needed for interaction with ROS)
                    try:
                        self.node = kwargs['node']
                    except KeyError as e:
                        error_message = "Couldn't find the tree node"
                        raise KeyError(error_message) from e
                    
                def initialise(self) -&gt; None:
            
                    """ Executed when coming from an idle state """
            
                    # Debugging
                    self.logger.debug("%s.initialise()" % (self.__class__.__name__))
                    self.action.send_goal(tree_tools.get_port_content(self.ports["waypoint"]))
            
                def update(self) -&gt; py_trees.common.Status:
            
                    """ Executed when the action is ticked. Do not block! """
                    rclpy.spin_once(self.action)
                    
                    if (self.action.finished):
                        return py_trees.common.Status.SUCCESS
                    
                    if (self.action.error):
                        return py_trees.common.Status.FAILURE
                        
                    return py_trees.common.Status.RUNNING 
            
                def terminate(self, new_status: py_trees.common.Status) -&gt; None:
            
                    """ Called whenever the behaviour switches to a non-running state """
            
                    # Debugging
                    self.logger.debug("%s.terminate()[%s-&amp;gt;%s]" % (self.__class__.__name__, self.status, new_status))
        </Move>
    </Code>
</Root>